record_id,language_code,language_name,script_note,source,title,pageid,paragraph_index,chars,cyrillic_ratio,vertical_mongolian_ratio,latin_ratio,url,text
30d2c3ecb86e4c2e,bo,藏语,bo.wikipedia.org 公开藏文文本，主要用于第一阶段文本源验证与模板填充,bo_wikipedia_api,བྱང་སྣེའི་དོམ་དཀར།,4366,0,56,0.0,0.0,0.0,https://bo.wikipedia.org/wiki/%E0%BD%96%E0%BE%B1%E0%BD%84%E0%BC%8B%E0%BD%A6%E0%BE%A3%E0%BD%BA%E0%BD%A0%E0%BD%B2%E0%BC%8B%E0%BD%91%E0%BD%BC%E0%BD%98%E0%BC%8B%E0%BD%91%E0%BD%80%E0%BD%A2%E0%BC%8D,བྱང་སྣེའི་དོམ་དཀར་ནི་འུ་འཐུང་སྲོག་ཆགས་ཀྱི་རིགས་གཅིག་རེད།
247277b133881a38,bo,藏语,bo.wikipedia.org 公开藏文文本，主要用于第一阶段文本源验证与模板填充,bo_wikipedia_api,བོད་ཡིག་མཐེབ་གཞོང་བཀོད་སྒྲིག་གི་རྒྱལ་ཁབ་ཚད་ལྡན་གྱི་ཇུས་འགོད་རྩ་དོན་གལ་ཆེ་ཁ་ཤས།,3589,0,476,0.0,0.0,0.0,https://bo.wikipedia.org/wiki/%E0%BD%96%E0%BD%BC%E0%BD%91%E0%BC%8B%E0%BD%A1%E0%BD%B2%E0%BD%82%E0%BC%8B%E0%BD%98%E0%BD%90%E0%BD%BA%E0%BD%96%E0%BC%8B%E0%BD%82%E0%BD%9E%E0%BD%BC%E0%BD%84%E0%BC%8B%E0%BD%96%E0%BD%80%E0%BD%BC%E0%BD%91%E0%BC%8B%E0%BD%A6%E0%BE%92%E0%BE%B2%E0%BD%B2%E0%BD%82%E0%BC%8B%E0%BD%82%E0%BD%B2%E0%BC%8B%E0%BD%A2%E0%BE%92%E0%BE%B1%E0%BD%A3%E0%BC%8B%E0%BD%81%E0%BD%96%E0%BC%8B%E0%BD%9A%E0%BD%91%E0%BC%8B%E0%BD%A3%E0%BE%A1%E0%BD%93%E0%BC%8B%E0%BD%82%E0%BE%B1%E0%BD%B2%E0%BC%8B%E0%BD%87%E0%BD%B4%E0%BD%A6%E0%BC%8B%E0%BD%A0%E0%BD%82%E0%BD%BC%E0%BD%91%E0%BC%8B%E0%BD%A2%E0%BE%A9%E0%BC%8B%E0%BD%91%E0%BD%BC%E0%BD%93%E0%BC%8B%E0%BD%82%E0%BD%A3%E0%BC%8B%E0%BD%86%E0%BD%BA%E0%BC%8B%E0%BD%81%E0%BC%8B%E0%BD%A4%E0%BD%A6%E0%BC%8D,1. བོད་ ཡིག་ཡིག་རྟགས་ཀྱི་ཟློས་ཚད་ལ་བརྟན་ནས་རྒྱུན་སྤྱོད་བའི་ཡིག་རྟགས་ཚང་མ་ནི་ མཐེབ་གཞོང་དང་པོ་སྒང་བཞག་པ། དེ་དག་ནང་བོད་ཡིག་མཚམས་རྟགས་ཚེག དབྱངས་བཞི། གསལ་ བྱེད་སུམ་ཅུ། ཤད་རྟགས་དང་བོད་ཡིག་གྲངས་ཀ་བཅུ། དེ་གཞན་ཡིག་རྟགས་ཟློས་ཚད་ཅུང་ཉུང་བས་མཐེབ་གཞོང་གཞན་སྒང་བཞག་ཡོད། འོན་ཀྱང་ཡིག་རྟགས་ཁ་ཤས་དཔེ་ན་ ྒ དང་ ྱ དེ་ཚོའི་ཟློས་ཚད་ནི་མཐེབ་གཞོང་དང་པོ་སྒང་གི་བགོས་པའི་གསལ་བྱེད་ཝ་དང་ཧ་ གཉིས་ཀྱི་ཟློས་ཚད་ལས་མཐོ་བ་ཡོད་ཀྱང་། ཡིན་ན་ཡང་དེ་ཚོ་ནི་ཞོར་འདེགས་མཐེབ་གཞོང་སྒང་བཞག་ཡོད། རྒྱུ་རྐྱེན་ག་རེ་རེད་ཟེར་ནི་
60fff8d5d5920087,bo,藏语,bo.wikipedia.org 公开藏文文本，主要用于第一阶段文本源验证与模板填充,bo_wikipedia_api,བོད་ཡིག་མཐེབ་གཞོང་བཀོད་སྒྲིག་གི་རྒྱལ་ཁབ་ཚད་ལྡན་གྱི་ཇུས་འགོད་རྩ་དོན་གལ་ཆེ་ཁ་ཤས།,3589,1,279,0.0,0.0,0.0036,https://bo.wikipedia.org/wiki/%E0%BD%96%E0%BD%BC%E0%BD%91%E0%BC%8B%E0%BD%A1%E0%BD%B2%E0%BD%82%E0%BC%8B%E0%BD%98%E0%BD%90%E0%BD%BA%E0%BD%96%E0%BC%8B%E0%BD%82%E0%BD%9E%E0%BD%BC%E0%BD%84%E0%BC%8B%E0%BD%96%E0%BD%80%E0%BD%BC%E0%BD%91%E0%BC%8B%E0%BD%A6%E0%BE%92%E0%BE%B2%E0%BD%B2%E0%BD%82%E0%BC%8B%E0%BD%82%E0%BD%B2%E0%BC%8B%E0%BD%A2%E0%BE%92%E0%BE%B1%E0%BD%A3%E0%BC%8B%E0%BD%81%E0%BD%96%E0%BC%8B%E0%BD%9A%E0%BD%91%E0%BC%8B%E0%BD%A3%E0%BE%A1%E0%BD%93%E0%BC%8B%E0%BD%82%E0%BE%B1%E0%BD%B2%E0%BC%8B%E0%BD%87%E0%BD%B4%E0%BD%A6%E0%BC%8B%E0%BD%A0%E0%BD%82%E0%BD%BC%E0%BD%91%E0%BC%8B%E0%BD%A2%E0%BE%A9%E0%BC%8B%E0%BD%91%E0%BD%BC%E0%BD%93%E0%BC%8B%E0%BD%82%E0%BD%A3%E0%BC%8B%E0%BD%86%E0%BD%BA%E0%BC%8B%E0%BD%81%E0%BC%8B%E0%BD%A4%E0%BD%A6%E0%BC%8D,2. གོང་ གསལ་མཐེབ་གཞོང་གི་བཀོད་སྒྲིག་ཇུས་འགོད་རྩ་དོན་ལ་གཞིར་བཟུང་ནས། གསལ་བྱེད་ཡི་གེ་དང་དེ་ཚོའི་འགྱུར་བ་ཁག་ཚང་མ་མཐེབ་གཞོང་མ་འདྲ་བའི་མཐེབ་གནས་ གཅིག་སྒང་བཞག་ཡོད། དཔེ་ན་གསལ་བྱེད་ན་དང་དེའི་འགྱུར་བ་གསུམ་ ྣ དང་ཎ ྞ ཚང་མ་མཐེབ་གཞོང་གཙོ་བ་དང་ཞོར་འདེགས་མཐེབ་གཞོང་གི་མཐེབ་བཀྱག་N སྒང་ལ་བཞག་ཡོད།
02bcddea8aeb45a0,bo,藏语,bo.wikipedia.org 公开藏文文本，主要用于第一阶段文本源验证与模板填充,bo_wikipedia_api,བོད་ཡིག་མཐེབ་གཞོང་བཀོད་སྒྲིག་གི་རྒྱལ་ཁབ་ཚད་ལྡན་གྱི་ཇུས་འགོད་རྩ་དོན་གལ་ཆེ་ཁ་ཤས།,3589,2,412,0.0,0.0,0.0485,https://bo.wikipedia.org/wiki/%E0%BD%96%E0%BD%BC%E0%BD%91%E0%BC%8B%E0%BD%A1%E0%BD%B2%E0%BD%82%E0%BC%8B%E0%BD%98%E0%BD%90%E0%BD%BA%E0%BD%96%E0%BC%8B%E0%BD%82%E0%BD%9E%E0%BD%BC%E0%BD%84%E0%BC%8B%E0%BD%96%E0%BD%80%E0%BD%BC%E0%BD%91%E0%BC%8B%E0%BD%A6%E0%BE%92%E0%BE%B2%E0%BD%B2%E0%BD%82%E0%BC%8B%E0%BD%82%E0%BD%B2%E0%BC%8B%E0%BD%A2%E0%BE%92%E0%BE%B1%E0%BD%A3%E0%BC%8B%E0%BD%81%E0%BD%96%E0%BC%8B%E0%BD%9A%E0%BD%91%E0%BC%8B%E0%BD%A3%E0%BE%A1%E0%BD%93%E0%BC%8B%E0%BD%82%E0%BE%B1%E0%BD%B2%E0%BC%8B%E0%BD%87%E0%BD%B4%E0%BD%A6%E0%BC%8B%E0%BD%A0%E0%BD%82%E0%BD%BC%E0%BD%91%E0%BC%8B%E0%BD%A2%E0%BE%A9%E0%BC%8B%E0%BD%91%E0%BD%BC%E0%BD%93%E0%BC%8B%E0%BD%82%E0%BD%A3%E0%BC%8B%E0%BD%86%E0%BD%BA%E0%BC%8B%E0%BD%81%E0%BC%8B%E0%BD%A4%E0%BD%A6%E0%BC%8D,"3. མཐེབ་གཞོང་གཅིག་གི་སྒང་ནི། Wylie འགྱུར་འབྲིས་ལམ་སྲོལ་ལ་གཞི་བཟུང་ནས་གསལ་བྱེད་ཡི་གེ་མང་ཆེ་བ་དང་དབྱངས་ཡིག་ ནི་དེ་ཚོའི་Wylieའགྱུར་འབྲིས་ཡི་གེ་དང་གཅིག་མཐུན་པའི་མཐེབ་བཀྱག་སྒང་བཞག་ ཡོད། དཔེ་ན། བོད་ཡིག་གསལ་བྱེད་ས་ནི་མཐེབ་གཞོངsསྒང་ལ་བགོས་ཡོད། དབྱངས་ ི ུ ེ ོ ནི་མཐེབ་བཀྱག i དང་ u, e, o སྒང་བཞག་ཡོད། བོད་ཡིག་ཡིག་རྟགས་ཀྱི་Wylie འགྱུར་འབྲིས་གི་ཡིག་འབྲུ་ནི་གཅིག་ལས་མང་བ་ཡོད་པའི་དེ་ཚོ་ནི་ཟློས་ཚད་ལས་རྟེན་ནས་མཐེབ་གནས་བགོས་ཡོད།"
e2092601783dbb82,bo,藏语,bo.wikipedia.org 公开藏文文本，主要用于第一阶段文本源验证与模板填充,bo_wikipedia_api,བོད་ཡིག་མཐེབ་གཞོང་བཀོད་སྒྲིག་གི་རྒྱལ་ཁབ་ཚད་ལྡན་གྱི་ཇུས་འགོད་རྩ་དོན་གལ་ཆེ་ཁ་ཤས།,3589,3,454,0.0,0.0,0.0,https://bo.wikipedia.org/wiki/%E0%BD%96%E0%BD%BC%E0%BD%91%E0%BC%8B%E0%BD%A1%E0%BD%B2%E0%BD%82%E0%BC%8B%E0%BD%98%E0%BD%90%E0%BD%BA%E0%BD%96%E0%BC%8B%E0%BD%82%E0%BD%9E%E0%BD%BC%E0%BD%84%E0%BC%8B%E0%BD%96%E0%BD%80%E0%BD%BC%E0%BD%91%E0%BC%8B%E0%BD%A6%E0%BE%92%E0%BE%B2%E0%BD%B2%E0%BD%82%E0%BC%8B%E0%BD%82%E0%BD%B2%E0%BC%8B%E0%BD%A2%E0%BE%92%E0%BE%B1%E0%BD%A3%E0%BC%8B%E0%BD%81%E0%BD%96%E0%BC%8B%E0%BD%9A%E0%BD%91%E0%BC%8B%E0%BD%A3%E0%BE%A1%E0%BD%93%E0%BC%8B%E0%BD%82%E0%BE%B1%E0%BD%B2%E0%BC%8B%E0%BD%87%E0%BD%B4%E0%BD%A6%E0%BC%8B%E0%BD%A0%E0%BD%82%E0%BD%BC%E0%BD%91%E0%BC%8B%E0%BD%A2%E0%BE%A9%E0%BC%8B%E0%BD%91%E0%BD%BC%E0%BD%93%E0%BC%8B%E0%BD%82%E0%BD%A3%E0%BC%8B%E0%BD%86%E0%BD%BA%E0%BC%8B%E0%BD%81%E0%BC%8B%E0%BD%A4%E0%BD%A6%E0%BC%8D,4. གཙོའོ་ མཐེབ་གཞོང་མིན་པའི་ད་དུང་ཞོར་འདེགས་མཐེབ་གཞོང་བཞི་ཡོད་པ། མཐེབ་གཞོང་ལྔ་དེ་དག་ནང་གཙོའོ་མཐེབ་གཞོང་གི་དམིགས་བསལ་སྔོན་ཐོན་དེ་ནི་ཞོར་ འདེགས་མཐེབ་གཞོང་ལས་མཐོ་བ་མཚོན་ཡོད། ཞོར་འདེགས་མཐེབ་གཞོང་བཞིའི་དམིགས་གསལ་སྔོན་ཐོན་རིམ་པ་ནི་ཚན་ལྡན་དེའི་ནང་ གཏན་འབེབས་གསལ་པོ་བྱེད་མེད་པས། སྤྱོད་པ་པོས་སོ་སོས་ཐབས་གཅོད་ཆོག་པ། ཡིན་ན་ཡང་སྤྱི་བཏང་རྒྱལ་ཁའི་ཚན་ལྡན་ནང་ཞོར་འདེགས་མཐེབ་གཞོང་བཞིའི་དམིགས་ བསལ་སྔོན་ཐོན་རིམ་པ་ནི་རྒྱལ་ཁའི་ཚན་ལྡན་ནང་གི་རིམ་པ་སྒྲིག་སྟངས་དང་གཅིག་པ་ ཡིན་པ།
684c94648924a9f8,bo,藏语,bo.wikipedia.org 公开藏文文本，主要用于第一阶段文本源验证与模板填充,bo_wikipedia_api,བོད་ཡིག་མཐེབ་གཞོང་བཀོད་སྒྲིག་གི་རྒྱལ་ཁབ་ཚད་ལྡན་གྱི་ཇུས་འགོད་རྩ་དོན་གལ་ཆེ་ཁ་ཤས།,3589,4,503,0.0,0.0,0.0,https://bo.wikipedia.org/wiki/%E0%BD%96%E0%BD%BC%E0%BD%91%E0%BC%8B%E0%BD%A1%E0%BD%B2%E0%BD%82%E0%BC%8B%E0%BD%98%E0%BD%90%E0%BD%BA%E0%BD%96%E0%BC%8B%E0%BD%82%E0%BD%9E%E0%BD%BC%E0%BD%84%E0%BC%8B%E0%BD%96%E0%BD%80%E0%BD%BC%E0%BD%91%E0%BC%8B%E0%BD%A6%E0%BE%92%E0%BE%B2%E0%BD%B2%E0%BD%82%E0%BC%8B%E0%BD%82%E0%BD%B2%E0%BC%8B%E0%BD%A2%E0%BE%92%E0%BE%B1%E0%BD%A3%E0%BC%8B%E0%BD%81%E0%BD%96%E0%BC%8B%E0%BD%9A%E0%BD%91%E0%BC%8B%E0%BD%A3%E0%BE%A1%E0%BD%93%E0%BC%8B%E0%BD%82%E0%BE%B1%E0%BD%B2%E0%BC%8B%E0%BD%87%E0%BD%B4%E0%BD%A6%E0%BC%8B%E0%BD%A0%E0%BD%82%E0%BD%BC%E0%BD%91%E0%BC%8B%E0%BD%A2%E0%BE%A9%E0%BC%8B%E0%BD%91%E0%BD%BC%E0%BD%93%E0%BC%8B%E0%BD%82%E0%BD%A3%E0%BC%8B%E0%BD%86%E0%BD%BA%E0%BC%8B%E0%BD%81%E0%BC%8B%E0%BD%A4%E0%BD%A6%E0%BC%8D,5. བོད་ ཡིག་ནང་། གསལ་བྱེད་ཡི་གེ་ཁ་ཤས་ནི་གསལ་བྱེད་ཡི་གེ་གཞན་དག་གི་སྡེབ་སྒྲིག་སྡེ་ཚན་ཡིན་ པ། དེ་ཚོ་ཡིག་འབྲུ་ཟེར་ཆོག་པ་ལས་གསལ་བྱེད་ཟེར་གྱི་མེད་པ། དེ་ཚོ་ནི་བོད་ཡིག་རྟགས་ཕྲེང་དང་གཅིག་པ་ཡིན་པ། ཡིག་རྟགས་ཕྲེང་རྒྱུད་དེ་དག་ཁ་བྲལ་ནས་ནང་འཇུག་བྱེད་ཆོག་གི་ཡོད་པ། དཔེ་ན་བོད་ཡིག་གསལ་བྱེད གྷ ཡིག་རྟགས་ཕྲེང་རྒྱུད་ ག ＋ཧ ཡིས་ནང་འཇུག་བྱེད་ཆོག་གི་རེད། ཡིན་ན་ཡང་གལ་སྲིད་སྤྱོད་པ་པོས་ཨུ་ཚུབས་ཀྱིས་དེ་དག་ཁེར་རྐྱང་ནང་འཇུག་བྱེད་པ་ ན་ཡང་གནས་དོན་ཆེ་པོ་མེད་པ། གང་ཡིན་ཟེར་ན་རྒྱལ་ཁའི་ཚན་ལྡན་ནང་ཡིག་འབྲུ་དེ་དག་ལ་མཐེབ་གནས་བགོས་ཡོད་པ་ རེད།
9036c79d72080da0,bo,藏语,bo.wikipedia.org 公开藏文文本，主要用于第一阶段文本源验证与模板填充,bo_wikipedia_api,བོད་ཡིག་མཐེབ་གཞོང་བཀོད་སྒྲིག་གི་རྒྱལ་ཁབ་ཚད་ལྡན་གྱི་ཇུས་འགོད་རྩ་དོན་གལ་ཆེ་ཁ་ཤས།,3589,5,394,0.0,0.0,0.0,https://bo.wikipedia.org/wiki/%E0%BD%96%E0%BD%BC%E0%BD%91%E0%BC%8B%E0%BD%A1%E0%BD%B2%E0%BD%82%E0%BC%8B%E0%BD%98%E0%BD%90%E0%BD%BA%E0%BD%96%E0%BC%8B%E0%BD%82%E0%BD%9E%E0%BD%BC%E0%BD%84%E0%BC%8B%E0%BD%96%E0%BD%80%E0%BD%BC%E0%BD%91%E0%BC%8B%E0%BD%A6%E0%BE%92%E0%BE%B2%E0%BD%B2%E0%BD%82%E0%BC%8B%E0%BD%82%E0%BD%B2%E0%BC%8B%E0%BD%A2%E0%BE%92%E0%BE%B1%E0%BD%A3%E0%BC%8B%E0%BD%81%E0%BD%96%E0%BC%8B%E0%BD%9A%E0%BD%91%E0%BC%8B%E0%BD%A3%E0%BE%A1%E0%BD%93%E0%BC%8B%E0%BD%82%E0%BE%B1%E0%BD%B2%E0%BC%8B%E0%BD%87%E0%BD%B4%E0%BD%A6%E0%BC%8B%E0%BD%A0%E0%BD%82%E0%BD%BC%E0%BD%91%E0%BC%8B%E0%BD%A2%E0%BE%A9%E0%BC%8B%E0%BD%91%E0%BD%BC%E0%BD%93%E0%BC%8B%E0%BD%82%E0%BD%A3%E0%BC%8B%E0%BD%86%E0%BD%BA%E0%BC%8B%E0%BD%81%E0%BC%8B%E0%BD%A4%E0%BD%A6%E0%BC%8D,6. བོད་ ཡིག་མཐེབ་གཞོང་གི་རྒྱལ་ཁབ་ཚད་ནང་ཐོག་མཐེབ་གཞོང་བཀོད་ཇུས་རྩིས་འཁོར་ནང་བེད་ སྤྱོད་བྱེད་སྟངས་ཐོག་གཏན་འཁེར་གང་ཡང་བྱེད་མེད་པར། མཐེབ་གཞོང་བཀོད་ཇུས་མ་གཏོགས་བེད་སྤྱོད་བྱེད་སྟངས་ཐོག་བཀོག་སྡོམ་གང་ཡང་བྱེད་ མེད། སྤྱོད་པ་པོས་གང་འདོད་ཀྱི་མཐེབ་གཞོང་དེ་འདོན་སྤེལ་དང་བེད་སྤྱོད་བྱེད་ཆོག་པ། ཡིན་ན་ཡང་ཚད་དམའ་ཤོས་ཞིག་ནི་མཐེབ་གཞོང་རེ་རེ་སྒང་ཡིག་རྟགས་གི་བཀོད་ཇུས་ནི་ ངེས་པར་དུ་རྒྱལ་ཁབ་ཚད་ལྡན་དང་མཐུན་ཐུབ་པ་དགོས།
e02ee2767b0134e2,bo,藏语,bo.wikipedia.org 公开藏文文本，主要用于第一阶段文本源验证与模板填充,bo_wikipedia_api,སྨན་བླ་སྐྱབས།,2411,0,74,0.0,0.0,0.0,https://bo.wikipedia.org/wiki/%E0%BD%A6%E0%BE%A8%E0%BD%93%E0%BC%8B%E0%BD%96%E0%BE%B3%E0%BC%8B%E0%BD%A6%E0%BE%90%E0%BE%B1%E0%BD%96%E0%BD%A6%E0%BC%8D,མདོ་སྨད་པ་སྨན་བླ་སྐྱབས། སྨྱུག་མིང་ལ་འབར་རྡེའུ་དང་གངས་བུ་དགའ་སྐྱེད་སོགས་བྱ།
8730bb3fd9027f31,bo,藏语,bo.wikipedia.org 公开藏文文本，主要用于第一阶段文本源验证与模板填充,bo_wikipedia_api,སྨན་བླ་སྐྱབས།,2411,1,1373,0.0,0.0,0.0,https://bo.wikipedia.org/wiki/%E0%BD%A6%E0%BE%A8%E0%BD%93%E0%BC%8B%E0%BD%96%E0%BE%B3%E0%BC%8B%E0%BD%A6%E0%BE%90%E0%BE%B1%E0%BD%96%E0%BD%A6%E0%BC%8D,སྨན་བླ་སྐྱབས། ངའི་སྐྱེས་མིང་ལ་སྨན་བླ་སྐྱབས་དང་། སྨྱུག་མིང་ལ་གངས་བུ་དགའ་སྐྱེད་དམ་འབར་རྡེའུ་ཟེར་གྱི་ཡོད། འབར་རྡེའུ་ནི་ང་རང་ཆུང་དུས་ཀྱི་གཅེས་མིང་ཡང་ཡིན། ང་ཨ་མདོ་མང་འབའ་བྱ་གསུམ་གྱི་ཡ་གྱལ་མང་ར་ཡི་འཇག་རི་སུམ་མདོའི་འབྲོག་ཁྱིམ་ཕལ་པ་ཞིག་ཏུ་སྐྱེས་ཤིང་། སྔ་གཞུག་ཏུ་མཚོ་ལྷོ་མི་རིགས་དགེ་སློབ་དང་། ཧྲང་ཧེ་ཟློས་གར་སློབ་གླིང་། མཚོ་སྔོན་དགེ་འོས་སློབ་ཆེན་བཅས་འགྲིམས། གློག་བརྙན་སྐད་སྦྱོར་པ་དང་། འཁྲབ་འཁྲིད་པ། འཁྲབ་གཞུང་རྩོམ་པ་པོ། གར་སྟེགས་འཁྲབ་སྟོན་པ་དང་མདོ་འཛིན་པ། སྒྲ་བརྙན་རྩོམ་སྒྲིག་པ་སོགས་ཀྱི་ལས་ཀ་གཉེར་མྱོང་ཡོད། དུས་རབས་སྔོན་མའི་ལོ་རབས་བརྒྱད་བཅུ་པ་ནས་བཟུང་སྟེ་ད་ལྟའི་བར་དུ། སྒྲུང་གཏམ་ཁ་ཤས་དང་། ལྷུག་རྩོམ་དང་འབོལ་རྩོམ་བཅུ་གྲངས། སྙན་རྩོམ་བརྒྱ་ལྷག ཁ་ཤགས་སུམ་ཅུ་ཙམ། གར་ཆུང་ངམ་བཞད་གད་ཟློས་གར་འདུ་བའི་འཁྲབ་གཞུང་སུམ་ཅུ་ལྷག སྒྲ་སྙན་རྡུང་ལེན་གྱི་གླུ་ཚིག་བརྒྱ་གྲངས་དང་གླུ་དབྱངས་ཀྱི་གཞས་ཚིག་ལྔ་བཅུ་ལྷག ཁ་ཤགས་དང་གར་ཆུང་སོགས་ཆེད་བསྒྲིགས་སྒྲ་ཐག་གམ་འོད་འཁོར་བཅུ་གཅིག་ཙམ། སྙན་ངག་གི་དེབ་ཆུང་གཅིག་བཅས་པར་སྐྲུན་འགྲེམ་སྤེལ་བྱས་ཡོད་ལ། དེ་མིན་རླུང་འཕྲིན་ལས་འཁྲབ་བརྗོད་བརྩམས་ཆོས་དྲུག་ཅུ་ལྷག་དང་། གློག་བརྙན་འཕྲིན་བོད་འགྱུར་མ་སྟོང་ཕྲག་ལ་ཉེ་བ། རྩོམ་སྒྲིག་བྱས་པའི་སྒྲ་བརྙན་ཐག་དང་འོད་འཁོར་སྐོར་གཅིག་བཅས་ནི་ལྟོ་རྒྱབ་ཀྱི་དོན་དུ་མ་ལས་ན་མི་ཆོག་པའི་གཞུང་ལས་སུ་གཏོགས། གཞུང་ལས་ཀྱི་ཞོར་དུ་ད་ལྟ་ད་དུང་སྙན་ངག་དང་འབོལ་རྩོམ། བཞད་གད་ཟློས་གར། གཞས་ཚིག་བཅས་གསར་རྩོམ་གྱི་རྒྱུན་སྐྱོང་གིན་པའི་ཁུལ་ཡིན། འོ། རེད། ང་གནས་སྐབས་སུ་མཚོ་སྔོན་མི་རིགས་གློག་བརྙན་འཕྲིན་སྒྱུར་སྐྲུན་ལྟེ་གནས་སུ་གློག་བརྙན་འཕྲིན་བོད་འགྱུར་མ་དག་བཤེར་གྱི་ལས་སྒོ་ན་ཡོད།
59b9e8192227f67b,bo,藏语,bo.wikipedia.org 公开藏文文本，主要用于第一阶段文本源验证与模板填充,bo_wikipedia_api,སྨན་བླ་སྐྱབས།,2411,2,226,0.0,0.0,0.0,https://bo.wikipedia.org/wiki/%E0%BD%A6%E0%BE%A8%E0%BD%93%E0%BC%8B%E0%BD%96%E0%BE%B3%E0%BC%8B%E0%BD%A6%E0%BE%90%E0%BE%B1%E0%BD%96%E0%BD%A6%E0%BC%8D,༼ རུ་སྡེ་ཁྲ་མོ ༽དང་༼ གེ་སར་རྟ་རྫི ༽༼ འཚོལ། ༽སོགས་ཁ་ཤགས་ཀྱི་སྐོར་དང་༼ གསེར་མདོག་གི་ཕ་ས། ༽ཞེས་པའི་བཞད་གར། ༼ བྲག་རིའི་སྲས་མོ ༽ཞེས་པའི་སྙན་དེབ། ༼ རི་བོང་བློ་ལྡན། ༽ཞེས་པའི་གཏམ་རྒྱུད། ༼ ཅང་ཤེས་རྟ་བཤད། ༽ཅེས་པའི་བཤད་པའི་སྐོར་སོགས་ཡོད།
658aeb390917cffa,bo,藏语,bo.wikipedia.org 公开藏文文本，主要用于第一阶段文本源验证与模板填充,bo_wikipedia_api,སྨན་བླ་སྐྱབས།,2411,3,97,0.0,0.0,0.0,https://bo.wikipedia.org/wiki/%E0%BD%A6%E0%BE%A8%E0%BD%93%E0%BC%8B%E0%BD%96%E0%BE%B3%E0%BC%8B%E0%BD%A6%E0%BE%90%E0%BE%B1%E0%BD%96%E0%BD%A6%E0%BC%8D,ད་ལྟ་མཚོ་སྔོན་་མི་རིགས་གློག་བརྙན་འཕྲིན་བསྒྱུར་བསྐྲུན་ལྟེ་གནས་སུ་འཁྲབ་ཁྲིད་པའི་ལས་ཀ་གཉེར་བཞིན་ཡོད།
07289343b8ed9404,bo,藏语,bo.wikipedia.org 公开藏文文本，主要用于第一阶段文本源验证与模板填充,bo_wikipedia_api,སྨན་བླ་སྐྱབས།,2411,4,477,0.0,0.0,0.0839,https://bo.wikipedia.org/wiki/%E0%BD%A6%E0%BE%A8%E0%BD%93%E0%BC%8B%E0%BD%96%E0%BE%B3%E0%BC%8B%E0%BD%A6%E0%BE%90%E0%BE%B1%E0%BD%96%E0%BD%A6%E0%BC%8D,འབར་རྡེའུ་ཟིན་བྲིས། http://www.tibetabc.cn/blog/user1/bardey/index.htmlསྨན་བླ་སྐྱབས (གངས་བུ་དགའ་སྐྱེད། འབར་རྡེའུ)ནི་སྤྱི་ལོ་ ༡༩༦༣ ལོར་ཨ་མདོ་མང་རའི་སྟོད་རྒྱུད་ཀྱི་འབྲོག་ཁྱིམ་ཕལ་བ་ཞིག་ཏུ་སྐྱེས། སྔ་ཕྱིར་མཚོ་ལྷོ་མི་རིགས་དགེ་འོས་སློབ་གྲྭ་དང་ཧྲང་ཧའེ་ཟློས་གར་སློབ་གླིང༌། མཚོ་སྔོན་དགེ་འོས་སློབ་ཆེན་སོགས་འགྲིམས་ལ་གློག་བརྙན་སྐད་སྦྱོར་བ་དང༌། འཁྲབ་ཁྲིད་པ། འཁྲབ་གཞུང་རྩོམ་པ་པོ། སྒྲ་བརྙན་རྩོམ་སྒྲིག་པ་བཅས་ཀྱི་ལས་ཀར་ཞུགས་མྱོང་། དགྱ་གཞུང་ཟློས་གར་པའི་མཐུན་ཚོགས། མཚོ་སྔོན་ཡན་ལག་ཚོགས་པའི་ཁོངས་མི།
ac8faff194aac39b,bo,藏语,bo.wikipedia.org 公开藏文文本，主要用于第一阶段文本源验证与模板填充,bo_wikipedia_api,སྨན་བླ་སྐྱབས།,2411,5,175,0.0,0.0,0.0,https://bo.wikipedia.org/wiki/%E0%BD%A6%E0%BE%A8%E0%BD%93%E0%BC%8B%E0%BD%96%E0%BE%B3%E0%BC%8B%E0%BD%A6%E0%BE%90%E0%BE%B1%E0%BD%96%E0%BD%A6%E0%BC%8D,དགྱ་ནག་གི་རིམ་པ་གཉིས་པའི་འཁྲབ་གཞུང་རྩོམ་པ་པོ་བཅས་ཡིན་པར་མ་ཟད། དགྱ་གཞུང་སྒྱུ་རྩལ་པའི་མིང་མཛོད་ཆེན་མོ། དགྱ་གཞུང་རིག་གནས་སྒྱུ་རྩལ་པའི་མིང་མཛོད་ཆེན་མོ་སོགས་སུ་ཁོང་གི་མིང་བཀོད་ཡོད།
4eeca558edf82399,bo,藏语,bo.wikipedia.org 公开藏文文本，主要用于第一阶段文本源验证与模板填充,bo_wikipedia_api,སྨན་བླ་སྐྱབས།,2411,6,386,0.0,0.0,0.0,https://bo.wikipedia.org/wiki/%E0%BD%A6%E0%BE%A8%E0%BD%93%E0%BC%8B%E0%BD%96%E0%BE%B3%E0%BC%8B%E0%BD%A6%E0%BE%90%E0%BE%B1%E0%BD%96%E0%BD%A6%E0%BC%8D,སྤྱི་ལོ་ ༡༩༨༢ ལོ་ནས་བཟུང་གསར་རྩོམ་གྱི་ལས་སུ་ཞུགས་ཤིང༌། ད་ལྟའི་བར་དུ་སྙན་ངག་དང་སྒྲུང་གཏམ། ལྷུག་རྩོམ། ཁ་ཤགས། གར་ཆུང༌། གླུ་ཚིག་སོགས་ཡིག་ཐོག་བརྩམས་ཆོས་༣༦༠ ལྷག་སྤེལ། དེ་མིན་བརྙན་འཕྲིན་དང་རྒྱང་སྒྲོག་ཟློས་གར་གྱིས་མཚོན་པའི་ངག་ཐོག་བརྩམས་ཆོས་ཀྱང་འབོར་ཆེན་ཞིག་ཡོད། 《རྨ་བྱའི་སྲས་མོ།》སོགས་ཁོས་སྐད་སྦྱར་བའམ་འཁྲབ་ཁྲིད་གནང་བའི་བོད་སྐད་གློག་བརྙན་དྲུག་ལ་སོ་སོར་རྒྱལ་ཁབ་རིམ་པའང་ཞིང་ཆེན་རིམ་པའི་བྱ་དགའ་ཐོབ།
e2ba57b7fcd09a4a,bo,藏语,bo.wikipedia.org 公开藏文文本，主要用于第一阶段文本源验证与模板填充,bo_wikipedia_api,སྨན་བླ་སྐྱབས།,2411,7,328,0.0,0.0,0.0,https://bo.wikipedia.org/wiki/%E0%BD%A6%E0%BE%A8%E0%BD%93%E0%BC%8B%E0%BD%96%E0%BE%B3%E0%BC%8B%E0%BD%A6%E0%BE%90%E0%BE%B1%E0%BD%96%E0%BD%A6%E0%BC%8D,སྒྲུང་གཏམ་《སྐྱོ་གར》དང༌། སྙན་ངག་ལྷུག་མ་《སྒྱུ་རྩལ་གྱི་དད་ལྡན》སྙན་རྩོམ《ན་ཟླ་ཚོ། གླུ་ཞིག་ལོངས་དང》དང《པ་སངས་ལགས》དགྱ་ཡིག་གིས་བྲིས་པའི་འཁྲབ་གཞུང་《སང་ཉིན་གྱི་གཏམ་རྒྱུད》གླུ་ཚིག《པཎ་ཆེན་ལགས།》སོགས་ནི་《ཕྱོགས་བསྒྲིགས་》དཔེ་དེབ་དག་ཏུ་བདམས་པར་མ་ཟད། ལ་ལར་ཞིང་ཆེན་རིམ་པའི་བྱ་དགའ་ཐོབ་པ་དང་ཁ་ཤས་ཞིང་ལྗོངས་ལྔའི་སློབ་གྲྭ་ཆེན་མོ་རྩོམ་རིག་བསླབ་གཞིར་བདམས།
4f5f431458ba27af,bo,藏语,bo.wikipedia.org 公开藏文文本，主要用于第一阶段文本源验证与模板填充,bo_wikipedia_api,སྨན་བླ་སྐྱབས།,2411,8,185,0.0,0.0,0.0,https://bo.wikipedia.org/wiki/%E0%BD%A6%E0%BE%A8%E0%BD%93%E0%BC%8B%E0%BD%96%E0%BE%B3%E0%BC%8B%E0%BD%A6%E0%BE%90%E0%BE%B1%E0%BD%96%E0%BD%A6%E0%BC%8D,སྙན་ངག་ཆེད་བསྒྲིགས་དཔེ་དེབ་《བྲག་རིའི་སྲས་མོ》དང༌། དེ་མིན《སྒྱུ་རྩལ་པ》དང་《འཚོལ》《ལྷ་སར་འགྲོ》《རུ་སྡེ་ཁྲ་མོ》《རི་བོང་བློ་ལྡན》《ཅང་ཤེས་རྟ་བཤད.》སོགས་བརྩམས་ཆོས་ཆེད་བསྒྲིགས་སྒྲ་ཐག་པར་སྐྲུན་བྱས་ཡོད།
bb886f3a4c6a71bd,bo,藏语,bo.wikipedia.org 公开藏文文本，主要用于第一阶段文本源验证与模板填充,bo_wikipedia_api,སྨན་བླ་སྐྱབས།,2411,9,229,0.0,0.0,0.0,https://bo.wikipedia.org/wiki/%E0%BD%A6%E0%BE%A8%E0%BD%93%E0%BC%8B%E0%BD%96%E0%BE%B3%E0%BC%8B%E0%BD%A6%E0%BE%90%E0%BE%B1%E0%BD%96%E0%BD%A6%E0%BC%8D,ད་ལྟ། ཁོས་ནུབ་མཚོ་མི་རིགས་སྒྲ་བརྙན་པར་སྐྲུན་ཁང་གི་རྩོམ་སྒྲིག་པ་དང༌། མཚོ་སྔོན་མི་རིགས་བརྙན་འཕྲིན་སྒྱུར་སྐྲུན་ལྟེ་གནས་ཀྱི་སྐད་སྦྱོར་འཁྲབ་ཁྲིད་པ། དུང་དཀར་གཞས་གཏམ་སྒྱུ་རྩལ་ཚོགས་པའི་འཁྲབ་གཞུང་རྩོམ་པ་པོ་བཅས་ཀྱི་ལས་ཀ་གཅིག་ལྕོགས་སུ་གཉེར།
c96ddbcc2b6db9ce,bo,藏语,bo.wikipedia.org 公开藏文文本，主要用于第一阶段文本源验证与模板填充,bo_wikipedia_api,ཨམ་ཕེར།,4624,0,45,0.0,0.0,0.0222,https://bo.wikipedia.org/wiki/%E0%BD%A8%E0%BD%98%E0%BC%8B%E0%BD%95%E0%BD%BA%E0%BD%A2%E0%BC%8D,ཨམ་ཕེར་(A)ནི་ཚད་འཇལ་བྱེད་ཀྱི་སྡེ་ཚན་གཅིག་རེད།
040e2f9fd7bc1d6b,bo,藏语,bo.wikipedia.org 公开藏文文本，主要用于第一阶段文本源验证与模板填充,bo_wikipedia_api,ཡོ་སེབ་ནི་མད་ཐི་ཐི་ཞེས་བྱ་བའི་བུ།,5154,0,50,0.0,0.0,0.0,https://bo.wikipedia.org/wiki/%E0%BD%A1%E0%BD%BC%E0%BC%8B%E0%BD%A6%E0%BD%BA%E0%BD%96%E0%BC%8B%E0%BD%93%E0%BD%B2%E0%BC%8B%E0%BD%98%E0%BD%91%E0%BC%8B%E0%BD%90%E0%BD%B2%E0%BC%8B%E0%BD%90%E0%BD%B2%E0%BC%8B%E0%BD%9E%E0%BD%BA%E0%BD%A6%E0%BC%8B%E0%BD%96%E0%BE%B1%E0%BC%8B%E0%BD%96%E0%BD%A0%E0%BD%B2%E0%BC%8B%E0%BD%96%E0%BD%B4%E0%BC%8D,ཡོ་སེབ་ནི་མད་ཐི་ཐི་གྱི་བུ་ཡིན་ཞེས་གསུང་རབ་ནང་འཁོད།
cccb8163f2457b77,bo,藏语,bo.wikipedia.org 公开藏文文本，主要用于第一阶段文本源验证与模板填充,bo_wikipedia_api,ཆེང་རཱེ་ཞིང་ཆེན།,9845,0,85,0.0,0.0,0.0,https://bo.wikipedia.org/wiki/%E0%BD%86%E0%BD%BA%E0%BD%84%E0%BC%8B%E0%BD%A2%E0%BD%B1%E0%BD%BA%E0%BC%8B%E0%BD%9E%E0%BD%B2%E0%BD%84%E0%BC%8B%E0%BD%86%E0%BD%BA%E0%BD%93%E0%BC%8D,ཆེང་རཱེ་ཞིང་ཆེན་(เชียงราย)ནི་ཐའེ་ལེན་གྱི་ཞིང་ཆེན་ཞིག་རེད། དེའི་རྒྱལ་ས་ནི་ཆེང་རཱེ་རེད།
f41ed7eeedb3b1a1,bo,藏语,bo.wikipedia.org 公开藏文文本，主要用于第一阶段文本源验证与模板填充,bo_wikipedia_api,ཕཱ་ནུ་ཨེལ།,5030,0,56,0.0,0.0,0.0,https://bo.wikipedia.org/wiki/%E0%BD%95%E0%BD%B1%E0%BC%8B%E0%BD%93%E0%BD%B4%E0%BC%8B%E0%BD%A8%E0%BD%BA%E0%BD%A3%E0%BC%8D,ཕཱ་ནུ་ཨེལ་ནི་གསུང་རབ་ནང་གི་མི་སྣ་གཅིག་རེད། (ལུ་ཀཱ། ༢་༣༦)
ed150fbcaa31073c,bo,藏语,bo.wikipedia.org 公开藏文文本，主要用于第一阶段文本源验证与模板填充,bo_wikipedia_api,འབྲས་སྤུངས་དགོན།,4097,0,62,0.0,0.0,0.0,https://bo.wikipedia.org/wiki/%E0%BD%A0%E0%BD%96%E0%BE%B2%E0%BD%A6%E0%BC%8B%E0%BD%A6%E0%BE%A4%E0%BD%B4%E0%BD%84%E0%BD%A6%E0%BC%8B%E0%BD%91%E0%BD%82%E0%BD%BC%E0%BD%93%E0%BC%8D,འབྲས་སྤུངས་ནི་བོད་ཀྱི་གྲུབ་མཐའ་དགེ་ལུགས་པའི་དགོན་སྡེ་གཅིག་རེད།
1a2d49fd4c16e692,bo,藏语,bo.wikipedia.org 公开藏文文本，主要用于第一阶段文本源验证与模板填充,bo_wikipedia_api,འབྲས་སྤུངས་དགོན།,4097,1,8004,0.0,0.0,0.0,https://bo.wikipedia.org/wiki/%E0%BD%A0%E0%BD%96%E0%BE%B2%E0%BD%A6%E0%BC%8B%E0%BD%A6%E0%BE%A4%E0%BD%B4%E0%BD%84%E0%BD%A6%E0%BC%8B%E0%BD%91%E0%BD%82%E0%BD%BC%E0%BD%93%E0%BC%8D,མཚན་རྒྱས་པར་བཀྲ་ཤིས་དཔལ་ལྡན་འབྲས་སྤུངས་དགོན་ནམ། དཔལ་ལྡན་འབྲས་སྤུངས་དགོན་ཞེས་ཞུ། གྲོང་ཁྱེར་ལྷ་ས་ནས་ནུབ་ངོས་སུ་འཁོར་ལམ་བརྒྱུད་སྤྱི་ལེ་དྲུག་ཙམ་སོང་ན་དན་བག་ཏུ་འབྱོར་ཞིང་། དེ་ནས་རི་ལྡེབས་སུ་སྤྱིར་བཏང་འཁོར་ལམ་བརྒྱུད་སྤྱི་ལེ་གསུམ་བཞི་ཙམ་འཛེགས་ན་དགོན་དེར་སླེབས། འབྲས་སྤུངས་ཞེས་པ་ནི། སངས་རྒྱས་བཅོམ་ལྡན་འདས་ཀྱིས་དཔལ་དུས་ཀྱི་འཁོར་ལོའི་གསང་སྔགས་ཀྱི་རྒྱུད་སྡེ་གསུང་སའི་གནས་རྒྱ་གར་ལྷོ་ཕྱོགས་དཔལ་གྱི་རི་དང་ཉེ་བར་དཔལ་ལྡན་འབྲས་སྤུངས་མཆོད་རྟེན་ཞེས་བྱ་བ་ཞིག་ཡོད་པས་དེའི་མཚན་བཏགས་པའམ་འཇམ་དབྱངས་ཆོས་རྗེ་དན་བག་ཏུ་བཞུགས་ཡོད་པ་ལ། རྗེ་ཙོང་ཁ་པ་སྟོད་ལུང་ཆུ་ཚན་ནས་མར་ཕེབས་པ་དང་མཇལ་བས་རྗེ་ཙོང་ཁ་པས་ཁྱེད་ཀྱི་དགོན་པ་གང་འདྲ་བཏབ་ཡོད་ཅེས་གསུངས་པར། ངའི་དགོན་པ་འབྲས་སྤུངས་པ་ལྟར་བཏབ་ཡོད་ཅེས་ཞུས་པས། བདེན་པ་ཞེས་གསུངས་པས་ད་ལྟའི་དན་བག་ལ་ཐོག་མར་བདེན་པ་ཞེས་པ་དང་། རྗེས་སུ་དན་བག་ཅེས་པར་རིམ་བཞིན་སྒྲ་འགྱུར་ཞེས་དང་། འབྲས་སྤུངས་ཞེས་པའང་དེ་ལྟར་བྱུང་ཞེས་གྲགས། དགོན་དེ་ནི་སྤྱི་ལོ་ ༡༤༡༦ ལོར་རྗེ་ཙོང་ཁ་པའི་དངོས་སློབ་འཇམ་དབྱངས་ཆོས་རྗེ་བཀྲ་ཤིས་དཔལ་ལྡན་གྱིས་ཕྱག་བཏབ་གནང་མཛད། དེའང་རྗེ་ཙོང་ཁ་པས་འཇམ་དབྱངས་ཆོས་རྗེར་ཀླུའི་རྒྱལ་པོ་མ་དྲོས་པས་སངས་རྒྱས་བཅོམ་ལྡན་འདས་ལ་ཆོས་དུང་ཞིག་ཕུལ། སངས་རྒྱས་ཀྱིས་ཀུན་དགའ་བོར་ཆོས་དུང་འདི་འདི་ནས་རྩིས་པའི་བྱང་གི་ཕྱོགས་སུ་འགོག་པ་རི་ཞེས་པ་ཞིག་ཡོད་པས་དེར་གཏེར་དུ་སྤོས་ཤིག མ་འོངས་པ་ན་དགེ་སློང་པདྨའི་ངང་ལྡན་གྱི་ཚོགས་དུང་དུ་འགྱུར་རོ་ཞེས་པའི་ཆོས་དུང་དེ་རྗེ་ཙོང་ཁ་པས་གཏེར་ལས་བཞེས་ཏེ་འཇམ་དབྱངས་ཆོས་རྗེར་གནང་སྟེ་ཁྱོད་ཀྱིས་དུང་འདི་ཁྱེར་ཏེ་སོང་ཞིག་གང་དུ་འབུད་སར་དགོན་རེ་ཆགས་ཡོང་ཞེས་གསུངས་པ་ཇི་བཞིན་དན་བག་ཏུ་ཕེབས་ཏེ་འདིར་དགོན་པ་ཞིག་བཏབ་ན་གྲྭ་ཚོགས་ཆེ་ཡང་སྤུས་ཀ་མི་འོང་། དེ་ནས་འབྲས་སྤུངས་ཀྱི་རྒྱབ་རིའི་ཐུབ་པ་རིར་བཏབ་ན་དགོངས་པར་འདིར་བཏབ་ན་སྤུས་ཀ་ལེགས་ཀྱང་གྲྭ་ཚོགས་མི་འོང་དགོངས། དེ་ནས་ད་ལྟའི་དགོན་ཆགས་ཡུལ་དེར་འདེབས་རྒྱུར་ཐུགས་ཐག་བཅད། འོབ་ཀྱང་ས་དེར་བྱམས་ཆེན་ཆོས་རྗེས་སྔ་ས་ནས་དགོན་པ་འདེབས་སའི་ས་བདམས་ནས་འདིང་བ་བཏིང་གནང་ཡོད། འཇམ་དབྱངས་ཆོས་རྗེས་ཀྱང་དགོན་པ་དེ་རང་དུ་འདེབས་དགོས་དགོངས་ནས་འདིང་བའི་འོག་ཏུ་ཕྱག་ཕྲེང་འཇོག་པར་མཛད། དེ་ནས་རྗེ་ཙོང་ཁ་པ་འཁོར་དང་བཅས་པ་ཕེབས། འཇམ་དབྱངས་ཆོས་རྗེས་ངའི་དགོན་པ་གནས་འདིར་འདེབས་ཀྱི་ཡིན་ཞུས་པར། བྱམས་དབྱངས་ཆོས་རྗེས་གནས་འདི་ངའི་དགོན་པ་འདེབས་རྒྱུར་འདིང་བ་བཏིང་ཡོད་ཅེས་གསུངས་པས། འཇམ་དབྱངས་ཆོས་རྗེས་ཁྱོད་ཀྱིས་འདིང་བ་མ་བཏིང་གོང་ནས་ངས་ས་འདི་བདམས་ཏེ་ཕྲེང་བ་བཞག་ཡོད་ཅེས་གསུངས་ཏེ་འདིང་བའི་འོག་ནས་ཕྱག་ཕྲེང་བཏོན་གནང་བས་འཇམ་དབྱངས་ཆོས་རྗེའི་དགོན་པ་དེར་འདེབས་རྒྱུ་མཛད།་སྣེའུ་དཔོན་ནམ་མཁའ་བཟང་པོ་ལ་ཆོས་སྡེའི་སྦྱིན་བདག་མཛད་དགོས་པའི་བཀའ་མངགས་སྔ་ཕྱིར་གནང་། ཐོག་མར་ད་ལྟའི་ཚོགས་ཆེན་འདུ་ཁང་གི་ཤར་ངོས་སྒོ་ཆུང་ཤར་དུ་གཏོད་པའི་ནང་རང་གཤོང་སྤྱིལ་བུ་དང་། དེ་ནས་དེའི་རྒྱབ་ཏུ་ད་ལྟའི་འཇམ་དབྱངས་ལྷ་ཁང་ནང་དགེ་འདུན་བདུན་ཚོགས། ཚང་མས་འཚང་ཁ་བསྐྱོན་པས་གཅིག་གི་ཞབས་ཆག དགེ་འདུན་བདུན་ཚོགས་པ་དེས་འབྲས་སྤུངས་བདུན་སྟོང་བདུན་བརྒྱ་ལོན་པའི་རྟེན་འབྲེལ་འགྲིགས་ཞེས་ཟེར། དེ་ནས་སྣེའུ་ནམ་མཁའ་བཟང་པོས་སྦྱིན་བདག་མཛད་དེ་དགོན་དེ་བཏབ། དེ་རྗེས་རིམ་བཞིན་རྒྱལ་མ་སྐུ་ཕྲེང་ལྔ་པ་དང་། སྡེ་སྲིད་བསོད་ནམས་རབ་བརྟན། སྡེ་སྲིད་བློ་བཟང་མཐུ་སྟོབས། ལྷ་བཟང་། ཕོ་ལྷ་མི་དབང་བསོད་ནམས་སྟོབས་རྒྱལ། རྒྱལ་བ་སྐུ་ཕྲེང་བཅུ་གསུམ་པ་བཅས་བར་རིམ་བཞིན་རྒྱ་སྐྱེད་མཛད་དེ་ད་ལྟའི་འབྲས་སྤུངས་དགོན་གྱི་གཞི་ཁྱོན་འདི་ཉིད་བྱུང་། ད་ལྟའི་ཚོགས་ཆེན་འདུ་ཁང་ཀ་ཐུང་ ༡༥༩ དང་ཀ་རིང་ ༢༤ ཅན་རྒྱས་བསྐྲུན་གནང་བའི་འདུ་ཁང་ནུབ་གྲལ་གྱི་གཙང་ཁང་སྦུག་མར་སྨན་འདམ་གྱི་དུས་གསུམ་སངས་རྒྱས་ཐོག་སོ་སོ་ཉིས་ཐོག་ལ་འཁོར་ཉེ་སྲས་བརྒྱད་ཀྱིས་བསྐོར་བ། འདུ་ཁང་གདོང་གྲལ་གྱི་དབུ་ལ་སྐུ་རྒྱུ་སྨན་འདམ་ལས་གྲུབ་པའི་རྗེ་འཇམ་དབྱངས་ཆོས་རྗེའི་སྐུ་བརྙན་མི་ཚད་ལྷག་དང་། དེའི་གཡས་སུ་གསེར་ཟངས་ཀྱི་བྱམས་པ་ཆོས་འཁོར་ཐོག་སོ་སོ་ཉིས་ཐོག་སྤྲུལ་སྐུའི་ཆ་བྱད་ཅན་དང་། འདུ་ཁང་ནབ་ངོས་ལྷ་མོ་ཁང་ནང་དཔལ་ལྡན་ལྷ་མོ། བར་ཐོག་ཏུ་རྒྱལ་བ་སྐུ་ཕྲེང་གཉིས་པ་དང་བཞི་པའི་དངུལ་གདུང་དང་། ཀླུ་འབུམ་མཆོད་རྟེན་ཞེས་པ་གཉིས། མི་དབང་ལྷ་ཁང་ནང་མི་དབང་བྱམས་པའི་ཞལ་རས་མཇལ་བ་དང་། སྣེའུ་དཔོན་མོ་ཨ་འཛོམས་ཀྱི་གདོང་ཤེལ། གཞན་ཡང་བླ་སྐུ་ཁག བཀའ་འགྱུར་ལྷ་ཁང་ནང་གསེར་བྲིས་ཀྱི་བཀའ་འགྱུར་ལ་ཙནྡ་གྱི་གླེགས་ཤིང་། གདོང་བ་སོ་ལ་རྒྱན་སྤྲོས་དང་ལྡན་པ་དབུས་སུ་རྒྱལ་བ་ལྔ་པ་དང་ཆོས་རྒྱལ་རྣམ་པའི་སྐུ་བརྙན། བྱམས་པ་མཐོང་སྒྲོལ་ལྷ་ཁང་ནང་སྐུ་རྒྱུ་གསེར་ཟངས་ལས་གྲུབ་པའི་རྒྱལ་བ་བྱམས་པ་ཐོག་སོ་གཉིས་ལྡན། དེའི་མདུན་དུ་རྗེ་ཙོང་ཁ་པས་འཇམ་དབྱངས་ཆོས་རྗེར་གནང་བའི་གཏེར་དུང་། དེའི་ཞོགས་ཀྱི་ཇོ་བོ་ལྷ་ཁང་ནང་དབུས་སུ་ཇོ་བོ་རིན་པོ་ཆེ་དངུལ་སྐུ་སྲིད་ཞིའི་འཇིགས་སྐྱོབ་ཞེས་མི་ཚད་མ་དང་དངུལ་གྱི་བདེ་གཤེགས་མཆོད་རྟེན་བརྒྱད། གནས་བཅུ་ལྷ་ཁང་ནང་བྱང་ཆུབ་ཤིང་ལས་གྲུབ་པའི་ཐུབ་པ་གཙོ་འཁོར་དང་། ཙན་དན་དཀར་པོ་ལས་གྲུབ་པའི་གནས་བརྟན་བཅུ་དྲུག་ཡང་སྟེང་དུ་གསེར་ཟངས་ཀྱི་རྒྱ་ཕིབས་གཉིས་དང་། གསེར་ཟངས་ཀྱི་གཉྫིར་རྒྱལ་མཚན་སོགས་དང་ལྡན། ཐོག་མར་ཚོགས་ཆེན་གཅིག་དང་གྲྭ་ཚང་བདུན་ཡོད་པ་ལས་རྗེས་སུ་བློ་གསལ་གླིང་གྲྭ་ཚང་དང་སྒོ་མང་གྲྭ་ཚང་། སྔགས་པ་གྲྭ་ཚང་། བདེ་ཡངས་གྲྭ་ཚང་བཅས་གྲྭ་ཚང་བཞི་རུ་བསྡུས། བློ་གསལ་གླིང་གྲྭ་ཚང་འདུ་ཁང་ཀ་བ་ ༡༢༠ ལ ཀ་རིང་ ༡༢ ཅན་གྱི་གཙང་ཁང་སྔུག་མར་རྒྱལ་བ་བྱམས་པའི་སྐུ་བརྙན་དང་། འདུ་ཁང་ནང་འཇམ་དབྱངས་ཆོས་རྗེའི་སྐུ་བརྙན་སོགས་རྟེན་དང་བརྟེན་པར་བཅས་དང་། འདི་ཁོངས་ཁང་ཚན་ཉི་ཤུ་རྩ་བཞི་ཡོད་པ་ནི། ཚ་བ་ཁང་ཚན་དང་། ཀོང་པོ། ཕུ་ཁང་། རོང་པོ། ལྷོ་པ། མི་ཉག སྤོམ་འབོར། ཊེ་ཧྲོར། ཉག་ཏེ། རྒྱ། ཚུལ་ཁང་། གཙང་པ། རྩེད་ཐང་། དཔེ་ཐུབ། གོ་བོ། ཕ་ར། ཉང་པོ། གླིང་། ལྡན་མ། གུ་གེ རྒྱལ་རོང་། རྒྱལ་པ། དབུ་སྟོད་བཅས་དང་ད་དུང་ཚ་བ་ཁང་ཚན་ཁོངས་ཀྱི་མི་ཚན་མཚོ་སྨད་མི་ཚན་དང་། སྡིང་ཁ་མི་ཚན། གཉེར་པ་མི་ཚན་བཅས་དང་སྤྱི་ཡོངས་ཀྱི་མི་ཚན་མོད་པ་གཞུང་མི་ཚན་སོགས་ཡོད། སྒོ་མང་གྲྭ་ཚང་གི་འདུ་ཁང་བློ་གསལ་གླིང་དང་རྒྱ་ཁྱོན་སྙོམ་པ་ལ་གཙང་ཁང་སྦུག་མར་རྒྱལ་བ་མི་འཁྲུག་པའི་སྐུ་བརྙན་རྡུལ་མི་བཞེས་པ་ཞེས་པ་དང་། འདུ་ཁང་ནང་རྒྱལ་བ་སྐལ་བཟང་རྒྱ་མཚོའི་སྐུ་བརྙན་དང་། རྒྱལ་པོ་ལུགས་ཀྱི་སྤྱན་རས་གཟིགས། རྗེ་ཞབས་སྙུན་མ་སོགས་གསུང་བྱོན་མས་གཙོས་རྟེན་དང་བརྟེན་པར་བཅས་དང་། འདིའི་ཁོངས་ཧར་གདོང་ཁང་ཚན། བསང་བློ། གུང་རུ། བྲ་སྟེ། ཀླུ་འབུམ། རྟ་དབོན། གཞུང་པ། མངའ་རིས། ཟུང་ཆུ། གྲྭ་ཉི། འཆད་པ། བྱ་བྲལ། འདའ་ཤིང་། རི་ཙ། ཆུ་བཟང་། ཐེ་བོ་བཅས་ཁང་ཚན་བཅུ་དྲུག་ལ་ཁར་ཁ་མི་ཚན། བི་དོ། ཐག་རིང་། ལྕང་སྐྱ། གུ་ལུང་། ལམ་པ་བཅས་བསམ་བློ་ཁང་ཚན་གྱི་ཁོངས་དང་། ཉན་པོ་མི་ཚན། བྱུ་བྱུས། ཝ་ཤུལ། ཧོར། མཚོ་ཁག་ཐོར་བགོས་བཅས་ཧར་གདོང་ཁང་ཚན་གྱི་ཁོངས། བོད་པ་གཞུང་མི་ཚན་དང་། དགའ་གདོང་མི་ཚན་ནི་སྤྱི་ཡོངས་ཀྱི་མི་ཚན་བཅས་ཡིན། སྔགས་པ་གྲྭ་ཚང་གི་འདུ་ཁང་ཀ་བ་ ༤༨ ལ་ཀ་རིང་བརྒྱད་ཀྱི་གཙང་ཁང་སྦུག་མར་རྭ་ལོ་ཙའི་སྐུ་དམར་གདུང་བཞུགས་པའི་འཇིགས་བྱེད་ལྷ་མཅུ་གསུམ་གྱི་སྐུ་བརྙན་དང་ཡ་མ་ར་ཛྲའི་འཁོར་ཆེན། བདེ་ཡངས་གྲྭ་ཚང་འདུ་ཁང་ཀ་བ་ ༦༤ ལ་ཀ་རིང་བཞིའི་གཙང་ཁང་སྦུག་མར་རྒྱལ་བ་བྱམས་པ་མགོན་པོ་དང་། ཡང་ཐོག་སྲུང་མ་ཁང་ནང་འཕྲིན་ལས་རྒྱལ་པོ་སོགས་འབྲས་སྤུངས་ཀྱི་ལྷ་སྲུང་རྣམས་བཞུགས་སུ་གསོལ་ཡོད། གཞན་ཡང་འབྲས་སྤུངས་ཕོ་བྲང་ནི་ཐོག་མར་ཕག་གྲུའི་ཕོ་བྲང་ཡིན་པ་ལ་རྒྱལ་བ་སྐུ་ཕྲེང་གཉིས་པར་ཕུལ། དེ་རྗེས་གུ་ཤྲི་བསྟན་འཛིན་ཆོས་རྒྱལ་གྱིས་གཙང་པ་རྒྱལ་པོ་ཀརྨ་བསྟན་སྐྱོང་དབང་པོའི་སྲིད་དབང་གཏོར་ཏེ་བོད་ཡོངས་ཀྱི་སྲིད་དབང་རྒྱལ་དབང་སྐུ་ཕྲེང་ལྔ་པར་ཕུལ་བ་ནས་བཟུང་གཞུང་ས་དགའ་ལྡན་ཕོ་བྲང་ཞེས་པའི་མཚན་གསོལ། སྔོན་དགེ་འདུན་ཞལ་གྲངས་ཆིག་ཁྲིར་ཉེ་བས་གཙོ་བོ་གཞུང་ཆེན་ཀ་པོད་ལྦ་སློབ་གཉེར་གནང་བ་ལ་སྔགས་པ་གྲྭ་ཚང་གིས་དགེ་ལྡན་ལུགས་ཀྱི་སྔགས་ཀྱི་ཆོ་ག་ཕྱག་ལེན་གནང་བ་ཡིན། དགོན་དེར་འབྲས་སྤུངས་ཞོ་སྟོན་ཞེས་ལོ་ལྟར་བོད་ཟླ་ ༦ ཚེས་ ༣༠ ཉིན་དབྱར་གནས་ཞལ་བཞེས་བསྒྲུབས་ཏེ་གྲྭ་དམངས་ལ་ཞོའི་བསྙེན་བཀུར་ཞུ་བ་དང་། གོས་སྐུ་བཀྲམས་ཏེ་དེའི་མདུན་ཨ་ལྕེ་ལྷ་མོ་འཁྲབ་སྟོན་བྱེད་པ་ཡིན། དེ་རྗེས་རྒྱལ་བ་སྐུ་ཕྲེང་བཅུ་གསུམ་པའི་དུས་འབྲས་སྤུངས་ཞོ་སྟོན་ཚར་བ་དང་མུ་མཐུད་ནོར་གླིང་དུའང་ལྷ་མོ་འཁྲབ་སྟོན་བཞེས་པས་ནོར་གླིང་ཞོ་སྟོན་ཞེས་པའང་དེ་ལྟར་བྱུང་། ཡང་བོད་ཟླ་ ༡ ཚེས་ ༨ ཉིན་འབྲས་སྤུངས་སྐུ་འབུམ་ཞེས་ཀླུ་འབུམ་མཆོད་རྟེན་ཁང་དུ་ཆོས་མཇལ་གཏོང་སྲོལ་ཡོད། ཀླུ་འབུམ་ཞེས་པ་ནི་སྔོན་དུས་ཚོད་དེའི་ཉིན་རྗེ་ཙོང་ཁ་པ་ཚོགས་ཕེབས་གནང་བ་དང་། མཁས་གྲུབ་རྗེ་དང་འཇམ་དབྱངས་ཆོས་རྗེ་ཚོགས་ལངས་ཆོས་རྩོད་མཛད་པས། སྐབས་དེར་ཀླུ་འབུམ་ཁང་ནས་ཀླུ་འབུམ་གཅིག་གིས་ཆོས་མཇལ་ཞུས་པ་ཀུན་གྱིས་མཐོང་བས་རྗེས་སུ་དེར་ཀླུ་འབུམ་མཆོད་རྟེན་གཉིས་བཞེངས་པ་དང་། འབྲས་སྤུངས་ཀླུ་འབུམ་ཞེས་པའང་དེ་ལྟར་བྱུང་། ད་དུང་ཀླུ་འབུམ་ལྷ་ཁང་ནང་རྒྱལ་བ་སྐུ་ཕྲེང་གཉིས་པ། གསུམ་པ། བཞི་པ།་བཅས་ཀྱི་གདུང་རྟེན་ཡོད། ད་ལྟ་བདེ་ཡངས་གྲྭ་ཚང་གི་རྟེན་གསུམ་གསར་བཞེངས་གནང་བ་ལས་གཞན་ཚོགས་ཆེན་གཅིག་དང་གྲྭ་ཚང་གསུམ་གྱི་རྟེན་སྔོན་གྱི་དེ་རང་མཇལ་རྒྱུ་ཡོད་ལ། ཁང་ཚན་ཁག་གཅིག་ཉམས་གསོ་གནང་བའི་ནང་སྐུ་བརྙན་གསར་བཞེངས་གནང་བ་མཇལ་རྒྱུ་ཡོད། དགོན་དེའི་རྒྱབ་རིར་རྨ་རི་རབས་འབྱམས་བསྟན་སྐྱོང་རྡོ་རྗེ་གྲགས་རྒྱལ་མའི་བླ་རི་དགེ་འཕེལ་རི་ཞེས་པ་དེར་སྐུ་མཚམས་སུ་བཞུགས་མཁན་ལ་དགེ་བ་རབ་ཏུ་འཕེལ་ཞེས་ཟེར། དགོན་དེའི་ཤར་ནུབ་སོ་སོ་ནས་བབ་རྒྱུན་རེ་བབས་ཡོང་བ་ཡིན་པས་ཤར་ཆུ་བབས་སའི་རི་ལྡེབས་སུ་དཔེ་མཚམས་བཞུགས་སའི་མཚམས་ཁང་མང་པོ་ཡོད། དགེ་འཕེལ་རི་ཁྲོད་ནི་རྒྱབ་རིའི་སྐེད་པའི་མཚམས་སུ་ཡོད། ཐོག་མར་གནས་དེར་པཎ་ཆེན་བློ་བཟང་རྡོ་རྗེ། ཀློང་རྡོལ་བླ་མ་རིན་པོ་ཆེ། དཀའ་ཆེན་ཡེ་ཤེས་རྒྱལ་མཚན་སོགས་ཀྱི་སྒྲུབ་ཁང་ཡོད། དེ་རྗེས་རྒྱལ་བ་སྐུ་ཕྲེང་བདུན་པའི་དུས་དགེ་སློང་ཞལ་གྲངས་དྲུག་ཅུ་རེ་ལྔ་བར་གཏན་འབེབས་གནང་། རྒྱལ་བ་སྐུ་ཕྲེང་རིམ་བྱོན་གནས་དེར་ཕེབས་དགོས་པ་ཡིན་སྟབས་རྒྱལ་བའི་གཟིམས་ཆུང་དང་སྒྲུབ་ཁང་ཁག་ལ་རྟེན་དང་བརྟེན་པར་བཅས་བཞུགས་སུ་གསོལ། གཞན་ཡང་རི་དེའི་རྩ་ཆུ་བཟང་ཞིང་ལྟག་ཏུ་རྩྭ་ཀླུ་བདུད་རྡོ་རྗེ་དང་། ཆུ་འགྲོ་བ་འདྲེན་པ་སོགས་ཡོད་པས་རི་དེའི་ལྡེབས་ཀྱི་བཞོན་མའི་འོ་མ་བཅུད་ཆེ་ཞེས་མཐོང་ཆེན་པོ་བྱེད། ད་ལྟ་གནས་དེར་ཡང་ཉམས་གསོ་གང་འཚམས་གནང་ཡོད།
1210fdd91ea7298e,bo,藏语,bo.wikipedia.org 公开藏文文本，主要用于第一阶段文本源验证与模板填充,bo_wikipedia_api,འབྲས་སྤུངས་དགོན།,4097,2,22,0.0,0.0,0.0,https://bo.wikipedia.org/wiki/%E0%BD%A0%E0%BD%96%E0%BE%B2%E0%BD%A6%E0%BC%8B%E0%BD%A6%E0%BE%A4%E0%BD%B4%E0%BD%84%E0%BD%A6%E0%BC%8B%E0%BD%91%E0%BD%82%E0%BD%BC%E0%BD%93%E0%BC%8D,བོད་པའི་དགོན་སྡེའི་ཐོ།
8ab0b077e19af938,bo,藏语,bo.wikipedia.org 公开藏文文本，主要用于第一阶段文本源验证与模板填充,bo_wikipedia_api,སྟོང་ཉིད་,3602,0,85,0.0,0.0,0.0,https://bo.wikipedia.org/wiki/%E0%BD%A6%E0%BE%9F%E0%BD%BC%E0%BD%84%E0%BC%8B%E0%BD%89%E0%BD%B2%E0%BD%91%E0%BC%8B,སྟོང་ཉིད་ནི་སྒྲིབ་པ་ཟད་པ་ལ་རིགས་པའི་དགག་བྱ་ཡོངས་སུ་བཀག་པའི་མེད་དགག་ཞིག་ལ་བརྗོད་པ་ཡིན།
4ecf1df2889cbaee,bo,藏语,bo.wikipedia.org 公开藏文文本，主要用于第一阶段文本源验证与模板填充,bo_wikipedia_api,སྔུན་,13304,0,34,0.0,0.0,0.0,https://bo.wikipedia.org/wiki/%E0%BD%A6%E0%BE%94%E0%BD%B4%E0%BD%93%E0%BC%8B,༼དུང་དཀར་ཚིག་མཛོད་ཆེན་མོ་༽ནས་བཏུས།
