record_id,language_code,language_name,source_name,title,url,char_count,zhuang_ratio
za_wikipedia_00001,za,ÕŻ«Ķ»Ł,Zhuang Wikipedia,101,https://za.wikipedia.org/wiki/101,81,0.8574
za_wikipedia_00002,za,ÕŻ«Ķ»Ł,Zhuang Wikipedia,102,https://za.wikipedia.org/wiki/102,91,0.861
za_wikipedia_00003,za,ÕŻ«Ķ»Ł,Zhuang Wikipedia,103,https://za.wikipedia.org/wiki/103,93,0.864
za_wikipedia_00004,za,ÕŻ«Ķ»Ł,Zhuang Wikipedia,104,https://za.wikipedia.org/wiki/104,91,0.861
za_wikipedia_00005,za,ÕŻ«Ķ»Ł,Zhuang Wikipedia,105,https://za.wikipedia.org/wiki/105,92,0.8625
za_wikipedia_00006,za,ÕŻ«Ķ»Ł,Zhuang Wikipedia,106,https://za.wikipedia.org/wiki/106,92,0.8625
za_wikipedia_00007,za,ÕŻ«Ķ»Ł,Zhuang Wikipedia,107,https://za.wikipedia.org/wiki/107,92,0.8625
za_wikipedia_00008,za,ÕŻ«Ķ»Ł,Zhuang Wikipedia,108,https://za.wikipedia.org/wiki/108,92,0.8625
za_wikipedia_00009,za,ÕŻ«Ķ»Ł,Zhuang Wikipedia,109,https://za.wikipedia.org/wiki/109,88,0.8563
za_wikipedia_00010,za,ÕŻ«Ķ»Ł,Zhuang Wikipedia,10 nyied 10 hauh,https://za.wikipedia.org/wiki/10_nyied_10_hauh,174,0.8483
za_wikipedia_00011,za,ÕŻ«Ķ»Ł,Zhuang Wikipedia,10 nyied 11 hauh,https://za.wikipedia.org/wiki/10_nyied_11_hauh,137,0.8354
za_wikipedia_00012,za,ÕŻ«Ķ»Ł,Zhuang Wikipedia,10 nyied 12 hauh,https://za.wikipedia.org/wiki/10_nyied_12_hauh,157,0.8459
za_wikipedia_00013,za,ÕŻ«Ķ»Ł,Zhuang Wikipedia,10 nyied 16 hauh,https://za.wikipedia.org/wiki/10_nyied_16_hauh,161,0.8531
za_wikipedia_00014,za,ÕŻ«Ķ»Ł,Zhuang Wikipedia,10 nyied 17 hauh,https://za.wikipedia.org/wiki/10_nyied_17_hauh,170,0.8544
za_wikipedia_00015,za,ÕŻ«Ķ»Ł,Zhuang Wikipedia,10 nyied 18 hauh,https://za.wikipedia.org/wiki/10_nyied_18_hauh,162,0.8506
za_wikipedia_00016,za,ÕŻ«Ķ»Ł,Zhuang Wikipedia,10 nyied 19 hauh,https://za.wikipedia.org/wiki/10_nyied_19_hauh,186,0.8226
za_wikipedia_00017,za,ÕŻ«Ķ»Ł,Zhuang Wikipedia,10 nyied 1 hauh,https://za.wikipedia.org/wiki/10_nyied_1_hauh,157,0.8494
za_wikipedia_00018,za,ÕŻ«Ķ»Ł,Zhuang Wikipedia,10 nyied 21 hauh,https://za.wikipedia.org/wiki/10_nyied_21_hauh,137,0.8354
za_wikipedia_00019,za,ÕŻ«Ķ»Ł,Zhuang Wikipedia,10 nyied 25 hauh,https://za.wikipedia.org/wiki/10_nyied_25_hauh,137,0.8354
za_wikipedia_00020,za,ÕŻ«Ķ»Ł,Zhuang Wikipedia,10 nyied 28 hauh,https://za.wikipedia.org/wiki/10_nyied_28_hauh,160,0.8488
za_wikipedia_00021,za,ÕŻ«Ķ»Ł,Zhuang Wikipedia,10 nyied 29 hauh,https://za.wikipedia.org/wiki/10_nyied_29_hauh,155,0.8439
za_wikipedia_00022,za,ÕŻ«Ķ»Ł,Zhuang Wikipedia,12 nyied 21 hauh,https://za.wikipedia.org/wiki/12_nyied_21_hauh,162,0.8302
za_wikipedia_00023,za,ÕŻ«Ķ»Ł,Zhuang Wikipedia,12 nyied 22 hauh,https://za.wikipedia.org/wiki/12_nyied_22_hauh,136,0.8382
za_wikipedia_00024,za,ÕŻ«Ķ»Ł,Zhuang Wikipedia,12 nyied 23 hauh,https://za.wikipedia.org/wiki/12_nyied_23_hauh,156,0.8308
za_wikipedia_00025,za,ÕŻ«Ķ»Ł,Zhuang Wikipedia,12 nyied 24 hauh,https://za.wikipedia.org/wiki/12_nyied_24_hauh,159,0.8513
za_wikipedia_00026,za,ÕŻ«Ķ»Ł,Zhuang Wikipedia,12 nyied 25 hauh,https://za.wikipedia.org/wiki/12_nyied_25_hauh,160,0.8522
za_wikipedia_00027,za,ÕŻ«Ķ»Ł,Zhuang Wikipedia,12 nyied 26 hauh,https://za.wikipedia.org/wiki/12_nyied_26_hauh,184,0.8236
za_wikipedia_00028,za,ÕŻ«Ķ»Ł,Zhuang Wikipedia,12 nyied 27 hauh,https://za.wikipedia.org/wiki/12_nyied_27_hauh,204,0.8706
za_wikipedia_00029,za,ÕŻ«Ķ»Ł,Zhuang Wikipedia,12 nyied 28 hauh,https://za.wikipedia.org/wiki/12_nyied_28_hauh,151,0.8434
za_wikipedia_00030,za,ÕŻ«Ķ»Ł,Zhuang Wikipedia,12 nyied 29 hauh,https://za.wikipedia.org/wiki/12_nyied_29_hauh,136,0.8382
za_wikipedia_00031,za,ÕŻ«Ķ»Ł,Zhuang Wikipedia,12 nyied 2 hauh,https://za.wikipedia.org/wiki/12_nyied_2_hauh,163,0.8515
za_wikipedia_00032,za,ÕŻ«Ķ»Ł,Zhuang Wikipedia,12 nyied 30 hauh,https://za.wikipedia.org/wiki/12_nyied_30_hauh,168,0.8363
za_wikipedia_00033,za,ÕŻ«Ķ»Ł,Zhuang Wikipedia,12 nyied 31 hauh,https://za.wikipedia.org/wiki/12_nyied_31_hauh,136,0.8382
za_wikipedia_00034,za,ÕŻ«Ķ»Ł,Zhuang Wikipedia,12 nyied 3 hauh,https://za.wikipedia.org/wiki/12_nyied_3_hauh,136,0.8382
za_wikipedia_00035,za,ÕŻ«Ķ»Ł,Zhuang Wikipedia,12 nyied 4 hauh,https://za.wikipedia.org/wiki/12_nyied_4_hauh,159,0.8513
za_wikipedia_00036,za,ÕŻ«Ķ»Ł,Zhuang Wikipedia,12 nyied 5 hauh,https://za.wikipedia.org/wiki/12_nyied_5_hauh,152,0.8444
za_wikipedia_00037,za,ÕŻ«Ķ»Ł,Zhuang Wikipedia,12 nyied 6 hauh,https://za.wikipedia.org/wiki/12_nyied_6_hauh,159,0.8513
za_wikipedia_00038,za,ÕŻ«Ķ»Ł,Zhuang Wikipedia,12 nyied 7 hauh,https://za.wikipedia.org/wiki/12_nyied_7_hauh,136,0.8382
za_wikipedia_00039,za,ÕŻ«Ķ»Ł,Zhuang Wikipedia,12 nyied 8 hauh,https://za.wikipedia.org/wiki/12_nyied_8_hauh,136,0.8382
za_wikipedia_00040,za,ÕŻ«Ķ»Ł,Zhuang Wikipedia,12 nyied 9 hauh,https://za.wikipedia.org/wiki/12_nyied_9_hauh,159,0.8513
za_wikipedia_00041,za,ÕŻ«Ķ»Ł,Zhuang Wikipedia,131,https://za.wikipedia.org/wiki/131,93,0.8522
za_wikipedia_00042,za,ÕŻ«Ķ»Ł,Zhuang Wikipedia,133,https://za.wikipedia.org/wiki/133,99,0.8556
za_wikipedia_00043,za,ÕŻ«Ķ»Ł,Zhuang Wikipedia,134,https://za.wikipedia.org/wiki/134,97,0.8526
za_wikipedia_00044,za,ÕŻ«Ķ»Ł,Zhuang Wikipedia,137,https://za.wikipedia.org/wiki/137,98,0.8541
za_wikipedia_00045,za,ÕŻ«Ķ»Ł,Zhuang Wikipedia,138,https://za.wikipedia.org/wiki/138,98,0.8541
za_wikipedia_00046,za,ÕŻ«Ķ»Ł,Zhuang Wikipedia,141,https://za.wikipedia.org/wiki/141,101,0.8584
za_wikipedia_00047,za,ÕŻ«Ķ»Ł,Zhuang Wikipedia,143,https://za.wikipedia.org/wiki/143,102,0.8598
za_wikipedia_00048,za,ÕŻ«Ķ»Ł,Zhuang Wikipedia,144,https://za.wikipedia.org/wiki/144,100,0.857
za_wikipedia_00049,za,ÕŻ«Ķ»Ł,Zhuang Wikipedia,145,https://za.wikipedia.org/wiki/145,101,0.8584
za_wikipedia_00050,za,ÕŻ«Ķ»Ł,Zhuang Wikipedia,146,https://za.wikipedia.org/wiki/146,101,0.8584
za_wikipedia_00051,za,ÕŻ«Ķ»Ł,Zhuang Wikipedia,151,https://za.wikipedia.org/wiki/151,93,0.8522
za_wikipedia_00052,za,ÕŻ«Ķ»Ł,Zhuang Wikipedia,1893 nienz,https://za.wikipedia.org/wiki/1893_nienz,217,0.726
za_wikipedia_00053,za,ÕŻ«Ķ»Ł,Zhuang Wikipedia,1894 nienz,https://za.wikipedia.org/wiki/1894_nienz,214,0.7196
za_wikipedia_00054,za,ÕŻ«Ķ»Ł,Zhuang Wikipedia,1895 nienz,https://za.wikipedia.org/wiki/1895_nienz,217,0.7235
za_wikipedia_00055,za,ÕŻ«Ķ»Ł,Zhuang Wikipedia,1896 nienz,https://za.wikipedia.org/wiki/1896_nienz,213,0.7157
za_wikipedia_00056,za,ÕŻ«Ķ»Ł,Zhuang Wikipedia,1897 nienz,https://za.wikipedia.org/wiki/1897_nienz,215,0.7209
za_wikipedia_00057,za,ÕŻ«Ķ»Ł,Zhuang Wikipedia,1898 nienz,https://za.wikipedia.org/wiki/1898_nienz,198,0.7025
za_wikipedia_00058,za,ÕŻ«Ķ»Ł,Zhuang Wikipedia,1899 nienz,https://za.wikipedia.org/wiki/1899_nienz,173,0.6882
za_wikipedia_00059,za,ÕŻ«Ķ»Ł,Zhuang Wikipedia,190,https://za.wikipedia.org/wiki/190,92,0.8446
za_wikipedia_00060,za,ÕŻ«Ķ»Ł,Zhuang Wikipedia,1900 nienz,https://za.wikipedia.org/wiki/1900_nienz,170,0.6794
za_wikipedia_00061,za,ÕŻ«Ķ»Ł,Zhuang Wikipedia,1901 nienz,https://za.wikipedia.org/wiki/1901_nienz,173,0.685
za_wikipedia_00062,za,ÕŻ«Ķ»Ł,Zhuang Wikipedia,1902 nienz,https://za.wikipedia.org/wiki/1902_nienz,171,0.6813
za_wikipedia_00063,za,ÕŻ«Ķ»Ł,Zhuang Wikipedia,1903 nienz,https://za.wikipedia.org/wiki/1903_nienz,172,0.6831
za_wikipedia_00064,za,ÕŻ«Ķ»Ł,Zhuang Wikipedia,1904 nienz,https://za.wikipedia.org/wiki/1904_nienz,169,0.6743
za_wikipedia_00065,za,ÕŻ«Ķ»Ł,Zhuang Wikipedia,1905 nienz,https://za.wikipedia.org/wiki/1905_nienz,173,0.6882
za_wikipedia_00066,za,ÕŻ«Ķ»Ł,Zhuang Wikipedia,1906 nienz,https://za.wikipedia.org/wiki/1906_nienz,170,0.6794
za_wikipedia_00067,za,ÕŻ«Ķ»Ł,Zhuang Wikipedia,1907 nienz,https://za.wikipedia.org/wiki/1907_nienz,173,0.685
za_wikipedia_00068,za,ÕŻ«Ķ»Ł,Zhuang Wikipedia,1908 nienz,https://za.wikipedia.org/wiki/1908_nienz,169,0.6743
za_wikipedia_00069,za,ÕŻ«Ķ»Ł,Zhuang Wikipedia,1909 nienz,https://za.wikipedia.org/wiki/1909_nienz,171,0.6813
za_wikipedia_00070,za,ÕŻ«Ķ»Ł,Zhuang Wikipedia,191,https://za.wikipedia.org/wiki/191,94,0.8479
za_wikipedia_00071,za,ÕŻ«Ķ»Ł,Zhuang Wikipedia,1910 nienz,https://za.wikipedia.org/wiki/1910_nienz,172,0.6831
za_wikipedia_00072,za,ÕŻ«Ķ»Ł,Zhuang Wikipedia,1911 nienz,https://za.wikipedia.org/wiki/1911_nienz,173,0.6882
za_wikipedia_00073,za,ÕŻ«Ķ»Ł,Zhuang Wikipedia,1912 nienz,https://za.wikipedia.org/wiki/1912_nienz,168,0.6723
za_wikipedia_00074,za,ÕŻ«Ķ»Ł,Zhuang Wikipedia,1913 nienz,https://za.wikipedia.org/wiki/1913_nienz,171,0.6813
za_wikipedia_00075,za,ÕŻ«Ķ»Ł,Zhuang Wikipedia,1914 nienz,https://za.wikipedia.org/wiki/1914_nienz,172,0.6831
za_wikipedia_00076,za,ÕŻ«Ķ»Ł,Zhuang Wikipedia,1916 nienz,https://za.wikipedia.org/wiki/1916_nienz,170,0.6762
za_wikipedia_00077,za,ÕŻ«Ķ»Ł,Zhuang Wikipedia,1917 nienz,https://za.wikipedia.org/wiki/1917_nienz,170,0.6794
za_wikipedia_00078,za,ÕŻ«Ķ»Ł,Zhuang Wikipedia,1918 nienz,https://za.wikipedia.org/wiki/1918_nienz,173,0.685
za_wikipedia_00079,za,ÕŻ«Ķ»Ł,Zhuang Wikipedia,192,https://za.wikipedia.org/wiki/192,101,0.853
za_wikipedia_00080,za,ÕŻ«Ķ»Ł,Zhuang Wikipedia,1921 nienz,https://za.wikipedia.org/wiki/1921_nienz,172,0.6831
